﻿Quantity,Reference Designator,Model
1,R1B,"137k ohm, 0603, 1%"
1,R2B,"681k ohm, 0603, 1%"
5,"R4B, R4A, R5M, JP2, R2A","0 ohm, 0603"
1,R1A,"10.5k ohm, 0603, 1%"
1,C5B,"39nF, 1206, C0G, 5%"
1,C2B,"3.9nF, 0603, C0G, 5%"
2,"C9B, C9A","100nF, 0603, X7R, 20%"
1,C6A,"430nF, 1206, X7R, 5%"
1,C101M,"10µF, 6032, tantalum, 20%"
2,"U2B, U2A","LTC6262, MSOP"
4,"J1M, J2M, J3M, J4M","67996-206HLF, 2x3 0.1"" header"
2,"J3M, J4M","65474-010LF, 0.1"" jumper"
2,"J1B, J1A","BCS-103-L-D-TE, 2x3 0.1"" socket"
2,"J5M, J6M","142-0701-851, SMA Jack, board edge female"
3,"+VS, -VS, GND","68000-101HLF, Test pin"
