{
  "Name": "Filter Wizard Design",
  "Description": "Filter Wizard Design",
  "Tool": "FW",
  "Version": "1",
  "Design": {
    "visitedTabs": [
      "filter-type",
      "specifications",
      "components",
      "tolerances",
      "next-steps"
    ],
    "filterType": "lowPass",
    "specifications": {
      "gain": 0,
      "gainUnit": "dB",
      "passbandAttenuation": -10,
      "passbandFrequency": 60,
      "stopbandAttenuation": -20,
      "stopbandFrequency": 100,
      "filterResponseValue": 0.02,
      "filterResponseSlider": "46"
    },
    "components": {
      "vsPlus": 5,
      "vsMinus": 0,
      "optimization": "RecommendedSpecificComponents",
      "optimizationPreference": "specific",
      "compensateForGbw": false,
      "stages": [
        {
          "stageLetter": "A",
          "componentSizing": 135,
          "gain": -1,
          "gainEnabled": false,
          "implementation": "firstOrder",
          "opAmps": "LTC6262"
        },
        {
          "stageLetter": "B",
          "componentSizing": 110,
          "gain": -1,
          "gainEnabled": false,
          "implementation": "sallenKey",
          "opAmps": "LTC6262"
        }
      ],
      "recommendedAmps": [],
      "sortOrder": [
        1,
        0
      ]
    },
    "tolerances": {
      "resistorTolerance": "1%",
      "capacitorTolerance": "5%",
      "inductorTolerance": "5%",
      "opAmpGbwTolerance": "20%",
      "resistorPreferredSeries": "E96",
      "capacitorPreferredSeries": "E24",
      "inductorPreferredSeries": "E12"
    },
    "nextSteps": {}
  },
  "CreatedDate": "2023-07-27 01:28:15 PM",
  "UpdatedDate": "2023-07-27 01:28:15 PM"
}